Club Rank,Club Name,Club Points
1,Bayern München,2032
2,SSC Napoli,2017
3,Real Madrid,1998
4,Manchester City,1978
5,Barcelona,1953
6,Arsenal,1909
7,Benfica,1882
8,Liverpool FC,1878
9,FC Porto,1870
10,Inter Milan,1869
11,Paris Saint-Germain,1867
12,RB Leipzig,1846
13,Borussia Dortmund,1831
14,Manchester United,1827
15,Newcastle United,1816
16,Palmeiras,1808
17,Ajax Amsterdam,1803
18,Chelsea FC,1798
19,1. FC Union Berlin,1791
20,AC Milan,1790
21,Roma,1786
22,Real Sociedad,1786
23,Tottenham Hotspur,1783
24,Atlético Madrid,1776
25,Atalanta,1775
26,Juventus,1770
27,Brighton & Hove Albion,1769
28,Flamengo,1765
29,Monaco,1764
30,Eintracht Frankfurt,1754
31,Red Bull Salzburg,1747
32,Marseille,1746
33,Internacional,1745
34,Lazio,1744
35,FK Red Star Belgrade,1743
36,Real Betis,1740
37,Freiburg,1738
38,Sporting,1736
39,Brentford FC,1733
40,Flora Tallinn,1729
41,Feyenoord,1729
42,Villarreal,1722
43,Slavia Prague,1718
44,PSV Eindhoven,1717
45,Shakhtar Donetsk,1717
46,Braga,1714
47,Bayer Leverkusen,1713
48,Fluminense FC,1712
49,Wolfsburg,1711
50,Celtic,1706
51,River Plate,1699
52,Athletic Bilbao,1699
53,Leicester City,1696
54,Al Hilal,1696
55,Lens,1695
56,Atlético Mineiro,1693
57,Lille,1692
58,Independiente,1686
59,Zenit St. Petersburg,1685
60,Rangers,1683
61,Sevilla,1676
62,Nice,1672
63,Dinamo Zagreb,1671
64,Partizan Beograd,1666
65,The New Saints,1664
66,1. FC Köln,1663
67,Rennes,1659
68,AZ Alkmaar,1659
69,PFC Ludogorets 1945 Razgrad,1658
70,FCI Levadia Tallinn,1656
71,FC Sheriff,1655
72,Fenerbahçe,1654
73,Aston Villa,1654
74,Lyon,1654
75,Fortaleza,1653
76,Club Brugge,1652
77,Olympiakos,1652
78,Sparta Prague,1649
79,Udinese,1648
80,Young Boys,1648
81,Kawasaki Frontale,1647
82,Al Ahly,1643
83,Viktoria Plzeň,1642
84,Tigres UANL,1642
85,CF Pachuca,1641
86,América,1640
87,Atlético PR,1639
88,Torino,1639
89,Huracán,1637
90,Fulham,1636
91,Mamelodi Sundowns FC,1635
92,Rayo Vallecano,1632
93,Corinthians,1631
94,Sassuolo,1629
95,Boca Juniors,1629
96,Mainz,1629
97,Crystal Palace,1628
98,São Paulo,1627
99,Union St.Gilloise,1627
100,Jeonbuk FC,1627
101,Molde FK,1625
102,Racing Club,1624
103,Osasuna,1624
104,Monterrey,1624
105,Galatasaray,1623
106,PAOK FC,1621
107,Al-Duhail SC,1621
108,Borussia Mönchengladbach,1620
109,Shakhtyor Soligorsk,1618
110,Wydad Casablanca,1618
111,Wolverhampton Wanderers,1615
112,Defensa y Justicia,1614
113,Maccabi Tel Aviv,1613
114,FC Twente,1612
115,West Ham United,1612
116,Leganes,1612
117,AC Monza,1612
118,Levante,1612
119,Celta Vigo,1608
120,Ulsan Hyundai,1607
121,Qarabağ,1606
122,América Mineiro,1606
123,Olimpia,1605
124,Ferencváros,1605
125,Persepolis,1604
126,KRC Genk,1604
127,Nacional,1603
128,Mallorca,1601
129,Dynamo Kyiv,1600
130,Reims,1600
131,Bologna,1600
132,Grêmio,1599
133,AEK,1598
134,Esperance de Tunis,1597
135,Slovan Bratislava,1596
136,CFR Cluj,1596
137,Auckland City,1595
138,Fiorentina,1595
139,PFC CSKA Sofia,1594
140,BATE Borisov,1593
141,Maccabi Haifa FC,1592
142,Cerro Porteño,1591
143,Cádiz CF,1587
144,Panathinaikos,1587
145,TP Mazembe,1585
146,Shamrock Rovers,1583
147,Nantes,1583
148,Trabzonspor,1579
149,Bodø / Glimt,1578
150,Al Nassr,1577
151,Zorya Luhansk,1574
152,CR Belouizdad,1573
153,Litex Lovech,1573
154,Talleres de Cordoba,1573
155,Getafe,1573
156,CSKA Moskva,1572
157,Yokohama F. Marinos,1572
158,Valencia,1572
159,San Lorenzo de Almagro,1571
160,Empoli FC,1571
161,RCD Espanyol,1570
162,Leeds United,1570
163,AEK Larnaca,1569
164,Tigre,1569
165,Libertad,1569
166,LDU de Quito,1569
167,København,1568
168,APOEL Nicosia,1568
169,Al-Sadd,1567
170,Dinamo Moskva,1567
171,Burnley,1567
172,Dacia Chisinau,1567
173,Werder Bremen,1566
174,Bolívar,1564
175,Girona,1564
176,Argentinos Juniors,1564
177,Nomme Kalju FC (EST),1563
178,FC Midtjylland,1561
179,Botafogo FR,1561
180,Santos FC,1560
181,Millonarios,1558
182,Nottingham Forest,1558
183,Colo Colo,1558
184,The Strongest,1556
185,Esteghlal,1556
186,Lokomotiv Astana,1556
187,İstanbul Başakşehir,1554
188,Portuguesa,1554
189,SD Huesca,1553
190,Universidad Católica,1553
191,Atlético Goianiense,1552
192,Vélez Sarsfield,1552
193,Olimpia,1552
194,Emelec,1552
195,Buriram United,1551
196,Granada,1551
197,SC Dnipro-1,1551
198,Beşiktaş,1550
199,Royal Antwerp FC,1550
200,Real Valladolid,1549
201,Bochum,1549
202,Bahia,1548
203,Newell's Old Boys,1548
204,Steaua Bucureşti,1545
205,Aucas,1545
206,Augsburg,1545
207,Lokomotiv Moskva,1544
208,Independiente,1544
209,Lecce,1543
210,RCA Raja Casablanca Athletic,1543
211,Apollon Limassol,1543
212,Hajduk Split,1542
213,El Zamalek,1542
214,FC Krasnodar,1541
215,Fortuna Düsseldorf,1541
216,Hellas Verona,1541
217,Hapoel Be'er Sheva,1540
218,Gent,1540
219,Hamburger SV,1539
220,Djurgården,1538
221,Dinamo Minsk,1537
222,Atlético Nacional,1537
223,Dnipro Dnipropetrovsk,1536
224,Barcelona SC,1535
225,Olimpija Ljubljana,1534
226,Santos Laguna,1534
227,Peñarol,1534
228,Everton FC,1533
229,Osijek,1533
230,KuPS,1533
231,Sporting Cristal,1533
232,Sepahan,1533
233,LD Alajuelense,1533
234,Al Ittihad,1533
235,Ingolstadt,1532
236,Slovácko,1531
237,Cuiaba,1531
238,Spartak Moskva,1530
239,Sturm Graz,1530
240,PFC Sochi,1530
241,Ceará SC,1530
242,FC Basel,1529
243,Vita Club,1529
244,Al Shabab,1529
245,Shanghai Port F.C.,1529
246,Carpi,1528
247,Rosario Central,1528
248,Stoke City,1526
249,Tolima,1525
250,FC Utrecht,1524
251,HJK Helsinki,1523
252,Guadalajara,1523
253,Patronato de Parana,1522
254,Maribor,1522
255,Zalgiris Vilnius,1521
256,Almería,1521
257,Al-Ain FC,1520
258,RSC Anderlecht,1520
259,Hammarby IF,1519
260,Hertha BSC,1518
261,Pyramids FC,1518
262,Urawa Red Diamonds,1518
263,Hoffenheim,1517
264,Red Bull Bragantino SP,1517
265,Eibar,1517
266,Swansea City,1515
267,Wigan Athletic,1515
268,Belgrano,1515
269,Pakhtakor Tashkent,1514
270,Sparta Rotterdam,1514
271,Al Hilal Omdurman,1514
272,KS Raków Częstochowa,1513
273,Lorient,1513
274,FBC Melgar,1513
275,Genoa,1512
276,Gimnasia y Esgrima La Plata,1512
277,Kairat Almaty,1511
278,Goiás,1511
279,CS Universitatea Craiova,1510
280,VfB Stuttgart,1510
281,DSC Arminia Bielefeld,1508
282,RC Strasbourg,1508
283,Sport Recife,1507
284,1º de Agosto,1507
285,AIK,1507
286,Levski Sofia,1506
287,BK Häcken,1506
288,Universidad Católica,1506
289,Lech Poznań,1506
290,Independiente Medellín,1505
291,AFC Bournemouth,1505
292,Kashima Antlers,1505
293,Shandong Taishan F.C.,1505
294,Sporting Gijón,1504
295,Zrinjski Mostar,1503
296,Etoile du Sahel,1503
297,U.S. Salernitana 1919,1503
298,Toluca FC,1502
299,Timişoara,1502
300,Estudiantes de la Plata,1502
301,Pafos FC,1502
302,Alianza Lima,1501
303,Malmö FF,1501
304,Čukarički,1501
305,Neath Athletic,1501
306,Vitória Guimarães,1500
307,Liverpool,1499
308,Birmingham City,1498
309,León,1498
310,Team Wellington,1498
311,Atletico Petro Luanda,1498
312,Rosenborg BK,1498
313,Atlético Tucumán,1497
314,Club Sport Herediano,1497
315,Deportivo Alaves,1497
316,ASD Spezia Calcio 2008,1496
317,Cruzeiro,1495
318,Aris Thessaloniki FC,1495
319,Club Atlético Platense,1494
320,Catania,1494
321,Adana Demirspor,1493
322,Al-Merreikh,1493
323,Deportivo Saprissa,1493
324,Vasco da Gama,1492
325,Elche,1491
326,Deportivo Xerez,1491
327,Dynamos,1491
328,Stade Malien Bamako,1490
329,Omonia Nicosia,1490
330,Barracas Central,1490
331,Connah's Quay,1490
332,Sochaux,1490
333,Nacional Asunción,1489
334,Monarcas Morelia,1488
335,Pohang Steelers,1487
336,Cagliari,1487
337,Philadelphia Union,1486
338,Alianza FC,1486
339,ASEC Mimosas,1486
340,Deportivo La Coruña,1486
341,Dunajska Streda,1486
342,Always Ready,1486
343,Universitario de Deportes,1485
344,CSD Comunicaciones,1485
345,Elfsborg,1485
346,Godoy Cruz Antonio Tomba,1485
347,Club Puebla,1483
348,Al Ahli,1483
349,Coritiba,1482
350,LASK Linz,1482
351,Spartak Trnava,1481
352,Santa Fe,1481
353,Jiangsu Suning FC,1481
354,Cruz Azul,1480
355,Rijeka,1480
356,Southampton,1479
357,Cherno More Varna,1479
358,River Plate,1479
359,Coton Sport,1479
360,Toulouse,1479
361,Neftçi,1479
362,Paide Linnameeskond,1478
363,Clermont Foot,1478
364,West Brom,1478
365,FC Infonet Tallinn,1476
366,Bolton Wanderers,1475
367,Dundalk FC,1475
368,Anorthosis,1475
369,Rapid Wien,1475
370,Los Angeles FC,1473
371,Baník Ostrava,1473
372,Ñublense,1473
373,Cardiff City,1472
374,Sanfrecce Hiroshima,1472
375,SK Sigma Olomouc,1471
376,Instituto Atlético Central Córdoba,1471
377,CA Central Cordoba,1471
378,Vitesse,1471
379,Rubin Kazan,1471
380,Real Zaragoza,1470
381,Dolphins FC,1470
382,Hull City,1470
383,FAR Rabat,1469
384,Legia Warszawa,1469
385,Blackpool,1469
386,Águilas Doradas,1468
387,Sheffield United FC,1468
388,Tobol Kostanay,1467
389,Konyaspor,1467
390,Darmstadt,1467
391,San Martín San Juan,1466
392,Tenerife,1465
393,SC Bastia,1464
394,ES Sétif,1464
395,Dinamo Tbilisi,1463
396,Djoliba AC,1463
397,Budućnost,1463
398,Sporting Fingal,1463
399,FK Akhmat Grozny,1463
400,Universidad César Vallejo,1463
401,Sillamäe Kalev,1462
402,JS Saoura,1462
403,Nasaf Qarshi,1462
404,La Equidad,1461
405,Lokomotiv Plovdiv,1461
406,Brasilia,1459
407,Arsenal de Sarandí,1459
408,Al Wahda,1459
409,CS Sfaxien,1459
410,Lanús,1459
411,Blackburn Rovers F.C.,1459
412,Montpellier,1459
413,Motagua,1458
414,Olympiakos Volos,1457
415,USM Alger,1456
416,Novara,1456
417,Bala Town FC,1456
418,FC Milsami Orhei,1456
419,FC Vaslui,1456
420,Fatih Karagümrük,1456
421,Györi ETO,1455
422,Siena,1455
423,Honka,1455
424,Gil Vicente FC,1454
425,Brest,1454
426,Eintracht Braunschweig,1454
427,Cerezo Osaka,1454
428,Oleksandriya,1454
429,Sivasspor,1453
430,Atlas,1453
431,AEL Limassol,1452
432,Tiraspol,1452
433,Derry City,1451
434,Ponte Preta,1451
435,New York City FC,1451
436,Bidvest Wits,1451
437,SC Paderborn 07,1451
438,CS Petrocub,1451
439,KF Shkendija,1450
440,Nagoya Grampus Eight,1450
441,Junior FC,1449
442,Bangkok United,1449
443,FK Desna Chernihiv,1449
444,Sutjeska,1449
445,Seattle Sounders FC,1449
446,Topolski Sportski Club,1448
447,Unión Santa Fe,1448
448,Queens Park Rangers,1448
449,Nîmes Olympique,1447
450,FC St. Gallen 1879,1447
451,BG Pathum United,1447
452,Nueva Chicago,1447
453,Danubio,1447
454,Guaraní,1446
455,AL Ahed,1446
456,MOL Fehérvár FC,1446
457,Málaga,1446
458,Ružomberok,1445
459,FC Zürich,1445
460,América de Cali,1444
461,Audax Italiano La Florida,1444
462,Antigua Guatemala,1444
463,CS Constantine,1444
464,Suduva Marijampole,1444
465,Rio Ave,1443
466,Sarmiento,1443
467,Middlesbrough,1443
468,CSD Municipal,1442
469,Club Atlético Bucaramanga,1442
470,US Monastir,1442
471,Vitória,1442
472,Casa Pia,1441
473,Iskra-Stal,1441
474,Alanyaspor,1441
475,San Martín de Tucumán,1441
476,FC Famalicão,1441
477,CS Deportivo Pereira,1440
478,Curicó Unido,1440
479,St Patrick's,1440
480,Sampdoria,1440
481,Delfin SC,1440
482,FK Rostov,1440
483,Foolad Khuzestan,1440
484,Pumas UNAM,1439
485,Aris Limassol,1439
486,Nancy,1439
487,Koper,1439
488,Evian TG,1439
489,Pogoń Szczecin,1439
490,Arouca,1438
491,Club Deportivo Maldonado,1438
492,GFC Ajaccio,1438
493,GOL Gohar Sirjan FC,1438
494,Vorskla Poltava,1438
495,Daegu FC,1437
496,Unión La Calera,1437
497,FUS Rabat,1437
498,Santo André,1437
499,Vojvodina,1436
500,Banfield,1436
501,RKC Waalwijk,1436
502,Saint-Eloi Lupopo,1436
503,Mladá Boleslav,1436
504,Boavista,1435
505,Orlando Pirates,1435
506,Al-Wehdat SC,1435
507,Mura 05,1435
508,Heart of Midlothian,1435
509,Saint-Étienne,1434
510,Figueirense,1434
511,IFK Norrköping,1433
512,Linfield,1433
513,Sepsi OSK,1433
514,Metalurh Donetsk,1432
515,Bangor City,1432
516,Wuhan Three Towns F.C.,1432
517,Sunderland,1432
518,Puskás FC,1432
519,Muangthong United,1432
520,Palestino,1432
521,O'Higgins,1432
522,Reading,1431
523,Hércules,1431
524,Everton CD,1431
525,FC CSKA 1948 Sofia,1430
526,FC Vizela,1430
527,Dempo SC,1430
528,Sint-Truiden,1430
529,Vissel Kobe,1429
530,Chaves,1429
531,Cobresal,1429
532,SC Heerenveen,1429
533,Sporting Charleroi,1429
534,Hannover 96,1429
535,Venezia FC,1428
536,Portsmouth,1428
537,Jeju United,1428
538,Asante Kotoko,1428
539,Domžale,1427
540,Farul Constanța,1427
541,Melbourne City FC,1427
542,El Jaish (Doha),1427
543,NK Celje,1427
544,Plateau United,1427
545,FK Sarajevo,1426
546,Sport Huancayo,1426
547,Motema Pembe,1426
548,Brøndby,1426
549,Amiens SC,1426
550,Lugano,1426
551,Rapid Bucureşti,1425
552,Club Africain,1425
553,Krylya Sovetov Samara,1425
554,FC Ural,1425
555,FC Tokyo,1425
556,Cienciano,1425
557,Beijing Guoan,1424
558,MP Antalyaspor,1423
559,Guarani FC,1422
560,Troyes,1422
561,Slovan Liberec,1422
562,All Boys,1422
563,Tractor Sazi,1422
564,Real España,1422
565,Al Taawon,1421
566,Metz,1421
567,Deportivo Heredia,1421
568,Atlético San Luis,1421
569,Deportivo Cali,1421
570,NEC Nijmegen,1421
571,Boston River,1420
572,Atlético Rafaela,1420
573,Bordeaux,1420
574,Envigado,1420
575,RSB Berkane,1420
576,St. Pauli,1420
577,Nordsjælland,1420
578,Deportivo Cuenca,1419
579,JS Kabylie,1419
580,Kaiserslautern,1419
581,Caracas,1419
582,Olympique de Bamako,1419
583,Austria Wien,1419
584,Sharjah Cultural Club,1418
585,FC Platinum,1418
586,CD Santa Clara,1418
587,Necaxa,1417
588,Once Caldas,1416
589,Nashville SC,1416
590,Highlanders,1416
591,Moskva,1416
592,FC Ruh Brest,1416
593,Slavia Sofia,1416
594,FC Dinamo Batumi,1416
595,Enyimba,1416
596,Crotone,1416
597,Jablonec,1416
598,Bohemians 1905,1416
599,US Cremonese,1415
600,Guingamp,1415
601,AS Réal Bamako,1415
602,Vålerenga,1415
603,Cercle Brugge,1414
604,Avaí FC,1414
605,Akwa United,1413
606,IFK Göteborg,1413
607,Kalmar FF,1413
608,Watford,1413
609,Kaizer Chiefs,1413
610,Santa Cruz,1412
611,Estoril,1412
612,Kayserispor,1412
613,Viitorul Constanţa,1412
614,Gazişehir Gaziantep FK,1412
615,Schalke 04,1412
616,Portland Timbers,1412
617,Metalist Kharkiv,1412
618,Deportivo Táchira,1411
619,Gunners,1411
620,New England Revolution,1411
621,Luzern,1411
622,FC Inter Turku (FIN),1411
623,Kisvárda Master Good,1411
624,Defensor Sporting,1411
625,Amkar Perm',1411
626,MC Alger,1411
627,PFC Lokomotiv Sofia 1929,1410
628,Kasımpaşa,1410
629,Torpedo Zhodino,1410
630,ATK Mohun Bagan FC,1409
631,Future FC,1409
632,Supersport United,1409
633,Montevideo Wanderers,1408
634,Wolfsberger AC,1408
635,Benevento,1408
636,Mahindra United,1408
637,Lillestrøm,1407
638,Guastatoya,1407
639,Kuban' Krasnodar,1406
640,Riga FC,1406
641,Incheon United,1406
642,Le Mans,1406
643,Botev Plovdiv,1405
644,Ordabasy Shymkent,1405
645,Colombe du Dja et Lobo,1405
646,Piast Gliwice,1405
647,Club Atlético Grau,1405
648,Criciúma,1405
649,River Plate PR,1405
650,NŠ Mura,1405
651,Joinville EC,1404
652,Suwon Bluewings,1404
653,Frosinone,1404
654,Bohemian FC,1403
655,Chicken Inn FC,1403
656,Deportivo Malacateco,1403
657,Coban Imperial,1403
658,CF Montreal,1402
659,FC Kolos Kovalivka,1402
660,Isloch,1402
661,UMS de Loum,1402
662,Fénix,1401
663,FC Energetik-BGU Minsk,1401
664,Rigas Futbola skola,1400
665,MC Oran,1400
666,Maghreb Fès,1400
667,Fortuna Sittard,1400
668,EC Juventude,1399
669,Saturn,1399
670,Smouha SC,1399
671,Temperley,1399
672,Bamboutos,1399
673,Grenoble,1399
674,Volos New Football Club,1399
675,Servette,1398
676,Enugu Rangers,1398
677,Željezničar,1398
678,Técnico Universitario,1398
679,Bari,1398
680,Viking FK,1397
681,Deportivo Pasto,1397
682,Palermo,1397
683,Beroe,1397
684,Orense SC,1397
685,Persib Bandung,1396
686,Greuther Fürth,1396
687,Sligo Rovers,1396
688,Zhejiang Professional,1395
689,Astra Ploieşti,1395
690,Al-Jazira,1395
691,Guaireña FC,1395
692,Moreirense,1395
693,Motor Action,1394
694,Boulogne,1394
695,New York Red Bulls,1394
696,CS Alagoano AL,1394
697,Veres Rivne,1394
698,Gangwon FC,1394
699,Lokomotiva,1394
700,Caen,1394
701,Al-Ahli,1394
702,ZESCO United,1393
703,Portimonense,1393
704,Mjällby AIF,1393
705,Independiente FBC (Campo Grande),1393
706,Interclube de Angola,1393
707,Colón Santa Fe,1393
708,Grêmio Prudente,1393
709,Al Mokawloon Al Arab,1393
710,Široki Brijeg,1392
711,Sagan Tosu,1392
712,Pune FC,1392
713,Hatayspor Kulübü,1392
714,Maccabi Netanya,1391
715,Nürnberg,1391
716,Águila,1391
717,Columbus Crew,1391
718,FC Seoul,1391
719,Žilina,1391
720,Cork City,1391
721,FC Orenburg,1390
722,Kano Pillars,1390
723,Consadole Sapporo,1390
724,Heracles,1390
725,Polonia Warszawa,1390
726,Borac Banja Luka,1389
727,Nacional Potosí,1389
728,Las Palmas,1389
729,FC Ufa,1389
730,Botoşani,1389
731,Real Estelí,1389
732,Hradec Králové,1389
733,FC Brest,1388
734,Bunyodkor Tashkent,1388
735,Standard Liège,1388
736,Port F.C.,1388
737,Al-Rayyan,1388
738,Cerro Largo,1388
739,Aktobe,1388
740,Livingston FC,1388
741,SC Farense,1387
742,Gomel,1387
743,Radnički Niš,1387
744,Valenciennes,1387
745,Seinaejoen JK,1387
746,Asteras Tripolis,1387
747,Mazatlán FC,1386
748,Al Fateh FC,1386
749,Lobi Stars,1386
750,AL Ansar SC,1386
751,Voždovac,1386
752,Gamba Osaka,1386
753,Chernomorets Burgas,1386
754,Cracovia Kraków,1386
755,AS Nika,1385
756,FC Arda Kardzhali,1385
757,Racing Santander,1385
758,Neman Grodno,1385
759,Parma Calcio 1913,1385
760,Kashiwa Reysol,1385
761,Nejmeh SC,1385
762,Kavala,1384
763,Abia Warriors,1384
764,Shanghai Shenhua,1384
765,Union Sportive de Douala,1384
766,FC Juárez,1383
767,Sydney FC,1383
768,Mes Rafsanjan,1383
769,Club Tijuana,1382
770,Norwich City,1382
771,Viborg,1382
772,Huachipato,1382
773,Kabuscorp SCP,1382
774,Eding Sport FC,1382
775,Gyeongnam FC,1382
776,Club Atletico Torque,1382
777,Ilves,1382
778,FC Dallas,1382
779,Gimcheon Sangmu FC,1382
780,Cartaginés,1381
781,Séwé,1381
782,General Caballero JLM,1381
783,Lobos B.U.A.P.,1381
784,Lechia Gdańsk,1381
785,Olympic Club de Safi,1381
786,Chengdu Rongcheng F.C.,1380
787,Universidad Concepción,1380
788,Fovu de Baham,1379
789,Hibernian,1379
790,River Plate Ecuador,1379
791,Marathón,1379
792,Chonburi FC,1379
793,Odds Ballklubb,1378
794,Oriente Petrolero,1378
795,Canon Sportif,1378
796,NK Bravo,1378
797,East Bengal Club,1378
798,Cliftonville,1378
799,KV Mechelen,1378
800,Al Masry,1378
801,CD Antofagasta,1377
802,Paksi SE,1377
803,Cape Town City FC,1377
804,Chievo Verona,1377
805,Persija Jakarta,1376
806,Bursaspor,1376
807,Persipura Jayapura,1376
808,Paraná Clube,1376
809,Sevilla FC Puerto Rico,1375
810,Brescia,1375
811,Diriangén FC,1375
812,Oud-Heverlee Leuven,1375
813,Defence Force FC,1375
814,Lokomotiv Tashkent,1375
815,Club Atletico Progreso,1374
816,CD UT Cajamarca,1374
817,Willem II,1374
818,Colorado Rapids,1374
819,AGF,1374
820,Arsenal Tula,1374
821,Randers FC,1374
822,Atromitos,1374
823,Osmanlıspor FK,1373
824,Beitar Jerusalem FC,1373
825,Sporting Kansas City,1373
826,Al-Faisaly FC Harmah,1372
827,Al-Faisaly SC Amman,1372
828,Salgaocar,1372
829,Henan Songshan Longmen F.C.,1372
830,CS Marítimo Madeira,1371
831,Vitória Setúbal,1371
832,Bali United,1371
833,Kecskeméti TE,1371
834,Leones Negros U. de G.,1371
835,Sagrada Esperança,1371
836,FC Torpedo Moscow,1370
837,Zamora FC,1370
838,Auxerre,1370
839,Pandurii Târgu Jiu,1370
840,Hekari United,1370
841,Crusaders,1369
842,Deportivo Binacional,1369
843,Chiangrai United,1369
844,Al Khartoum SC,1369
845,Deportes Temuco,1369
846,Debrecen,1369
847,Atlanta United FC,1369
848,PEC Zwolle,1368
849,Stade Renard de Melong,1368
850,Macará,1368
851,Tauro FC,1368
852,Qäbälä,1368
853,Mushuc Runa SC,1368
854,CD Jaguares,1368
855,Suwon FC,1368
856,Samsunspor,1367
857,Jeanne d'Arc de Bamako,1367
858,Al-Ittihad,1367
859,AmaZulu FC,1367
860,Iraklis,1367
861,Irtysh Pavlodar,1367
862,Unisport FC Du Haut-Nkam,1367
863,Astres FC de Douala,1366
864,FC Veris,1366
865,Ashanti Gold FC,1366
866,Waitakere United,1366
867,Go Ahead Eagles,1366
868,Minnesota United,1366
869,Thun,1366
870,Westerlo,1366
871,Hwange,1365
872,Al Ahly Shendi,1365
873,KS Warta Poznań,1365
874,Ben Guerdane,1365
875,Sarpsborg 08,1365
876,WSG Tirol,1365
877,Nea Salamis,1364
878,Paradou AC,1364
879,LA Galaxy,1364
880,Recreativo do Libolo,1364
881,El Geish,1363
882,CAPS United,1363
883,Aduana Stars,1363
884,Córdoba CF,1363
885,Coleraine,1363
886,Rukh Vynnyky,1362
887,Shkupi Skopje,1362
888,Sol de América,1362
889,Hearts of Oak,1362
890,Mouscron-Péruwelz,1361
891,ENPPI,1361
892,Damac FC,1361
893,Querétaro,1361
894,Real Salt Lake,1361
895,Cobreloa,1361
896,Unión Española,1360
897,Glentoran,1360
898,Cumbayá FC,1360
899,Newtown,1360
900,Újpest,1360
901,FC Volendam,1360
902,SO Armée,1360
903,Larne FC,1360
904,Odense Boldklub,1360
905,Xelajú,1359
906,Club Deportivo Garcilaso,1359
907,Tacuary,1359
908,Churchill Brothers SC,1359
909,Xanthi FC,1359
910,Aluminium Arak,1359
911,Cesena,1359
912,FK Zirka Kirovohrad,1359
913,Rubio Ñú,1359
914,Eastern Suburbs,1359
915,Excelsior,1358
916,AL Gharafa,1358
917,Huddersfield Town,1358
918,Quilmes,1358
919,Al-Ittihad Al-Sakandary,1358
920,Sunshine Stars,1358
921,Jaguares Chiapas,1358
922,FK Haugesund,1358
923,FC Nizhny Novgorod,1357
924,CD Plaza Amador,1357
925,Wisła Płock,1357
926,Changchun Yatai,1357
927,Giresunspor,1357
928,CA Bizertin,1357
929,FC Skonto Riga,1357
930,Sportivo Luqueño,1357
931,Sanga Balende,1356
932,ASO Chlef,1356
933,Gostaresh Foolad,1356
934,Eastern Stars,1356
935,Alianza Atlético,1356
936,Belenenses,1356
937,Elazığspor,1356
938,Kwara United,1355
939,FK Riteriai,1355
940,Sportivo Ameliano,1355
941,Melipilla,1355
942,Adelaide United,1355
943,Liga de Loja,1355
944,Feutcheu FC,1355
945,AC Ajaccio (FRA),1355
946,Haka,1355
947,Austin FC,1355
948,Valmiera FK,1355
949,Naft Tehran,1354
950,Kryvbas,1354
951,Al Shabab,1354
952,AL Ettifaq FC,1354
953,Arema,1354
954,Power Dynamos,1354
955,Silkeborg,1354
956,AaB,1353
957,Monomatapa United,1353
958,Port Talbot,1353
959,León de Huánuco,1353
960,Medeama SC,1353
961,Alianza Petrolera,1353
962,Ajax,1352
963,Tukoko University,1352
964,Novi Pazar,1352
965,Zanaco,1352
966,Gold Coast United,1352
967,Sabah FK,1352
968,Al-Arabi Doha,1352
969,Sporting Gagnoa,1351
970,PAS Giannina,1351
971,Sion,1351
972,Academia F. Amadou Diallo,1351
973,US Biskra,1351
974,Hapoel Tel Aviv,1351
975,Bendel Insurance,1351
976,Nasarawa United,1350
977,El Tanque Sisley,1350
978,Grasshopper Club Zürich,1350
979,Difaâ El Jadida,1350
980,Jagiellonia Białystok,1350
981,Al Nasr,1350
982,Imbabura,1350
983,Independiente de La Chorrera,1350
984,Central Español,1350
985,Uniao da Madeira,1350
986,Plaza Colonia,1350
987,Masvingo United,1350
988,FC Emmen,1350
989,FK Liepājas Metalurgs,1350
990,Chorrillo,1350
991,Cardiff Met University,1350
992,CD FAS,1349
993,Bengaluru FC,1349
994,MC El Eulma,1349
995,Benfica Luanda,1349
996,Deportivo Lara,1349
997,Waterford FC,1348
998,St. Mirren,1348
999,FC U Craiova 1948,1348
1000,Roda JC Kerkrade,1348
1001,Jorge Wilstermann,1348
1002,FC Groningen,1347
1003,Tromsø IL,1347
1004,Vardar Skopje,1347
1005,Deportiva San Carlos,1347
1006,Olimpo,1347
1007,Giwa FC,1347
1008,Remo Stars,1346
1009,Eskişehirspor,1346
1010,Gornik Zabrze,1346
1011,Tiko United,1346
1012,Saba Qom,1345
1013,Spartak Myjava,1345
1014,Akhisar Belediye,1345
1015,Young Sport Academy Bamenda,1345
1016,Simba SC,1345
1017,Sharks,1345
1018,Dila Gori,1345
1019,Deportes Iquique,1345
1020,Bnei Yehuda Tel Aviv FC,1345
1021,Stellenbosch FC,1345
1022,Llanelli,1345
1023,Arles,1344
1024,Hapoel Hadera,1344
1025,Jeunesse Sportive Soualem,1344
1026,Apejes de Mfou,1344
1027,NC Magra,1344
1028,Zob Ahan Isfahan FC,1344
1029,CD Vida,1344
1030,Royal Pari,1344
1031,Unión Comercio,1343
1032,Beira-Mar,1343
1033,Recreativo da Caála,1343
1034,Radomiak Radom,1343
1035,Sport Áncash,1343
1036,Sporting San José FC,1343
1037,Zaria Bălți,1343
1038,OFI Crete,1343
1039,Shonan Bellmare,1343
1040,San Luis FC,1343
1041,W Connection FC,1342
1042,Rizespor,1342
1043,Rangers,1342
1044,Aldosivi,1342
1045,Erzurum BB,1342
1046,Ironi Kiryat Schmona,1342
1047,Honvéd,1342
1048,Dorados Sinaloa,1342
1049,New Soger,1342
1050,Ionikos,1342
1051,Metalist 1925 Kharkiv,1342
1052,Cusco FC,1341
1053,Vysočina Jihlava,1341
1054,Deportivo Quevedo,1341
1055,Nueve de Octubre,1341
1056,Carabobo FC,1341
1057,San Pedro,1341
1058,Paykan F.C.,1341
1059,Waterhouse FC,1340
1060,Manta,1340
1061,Pwd Bamenda,1340
1062,MCO Oujda,1340
1063,Warri Wolves FC,1340
1064,Santiago Morning,1340
1065,Khazar Lankaran FK,1340
1066,Olympique Béja,1340
1067,Tondela,1340
1068,Sloboda Užice,1340
1069,Livorno,1339
1070,Mordovia Saransk,1339
1071,Nassaji Mazandaran,1339
1072,Guabirá,1339
1073,De Graafschap,1339
1074,Chacarita Juniors,1339
1075,Aberdeen,1339
1076,Mezőkövesd-Zsóry,1339
1077,JSM Béjaïa,1339
1078,Pusamania Borneo FC,1339
1079,FK AGMK,1339
1080,Dijon,1339
1081,US Tataouine,1339
1082,Shooting Stars,1339
1083,Niger Tornadoes,1339
1084,Royal AM,1338
1085,Coquimbo Unido,1338
1086,Chapecoense AF,1338
1087,Persebaya Surabaya,1338
1088,Universidad de Chile,1338
1089,İstanbulspor,1338
1090,Tigres FC,1338
1091,Orlando City,1338
1092,Slaven,1338
1093,Resistencia Sport Club,1338
1094,Sirius,1338
1095,Red Arrows,1337
1096,Charlotte FC,1337
1097,FC Bravos DO Maquis,1337
1098,Bhayangkara FC,1337
1099,Widzew Łódz,1337
1100,La Luz FC,1337
1101,VPS,1337
1102,Pharco FC,1337
1103,FC Voluntari,1337
1104,Naval 1º de Maio,1337
1105,Unión San Felipe,1336
1106,Gualaceo SC,1336
1107,Khimki,1336
1108,FC Zbrojovka Brno,1336
1109,Zirə,1336
1110,Monagas SC,1336
1111,Richards Bay,1336
1112,Hassania Agadir,1336
1113,Bloemfontein Celtic,1336
1114,Canterbury United,1336
1115,San Marcos,1336
1116,SPAL 2013,1336
1117,Saburtalo,1335
1118,AS Fortuna,1335
1119,Katsina United,1335
1120,PSM Makassar,1335
1121,El Nacional,1335
1122,Árabe Unido,1335
1123,Sud América,1335
1124,Iztapa,1335
1125,Ma Pau,1334
1126,Malavan,1334
1127,FC Minsk,1334
1128,Angers,1334
1129,AFC Herrmannstadt Sibiu,1334
1130,Omiya Ardija,1334
1131,Olancho FC,1334
1132,Ajax Cape Town,1334
1133,Zalaegerszegi TE,1334
1134,FC Ashdod,1334
1135,AS Magenta,1334
1136,CD Magallanes,1333
1137,SK Austria Klagenfurt,1333
1138,Zavrč,1333
1139,Deportivo Capiatá,1333
1140,Hilal Al-Obayed,1333
1141,Gombe United,1332
1142,České Budějovice,1332
1143,Shimizu S-Pulse,1332
1144,Berekum Chelsea FC,1332
1145,FK Kauno Zalgiris,1332
1146,FC Chindia Târgovişte,1332
1147,Al Wasl,1332
1148,Oţelul Galaţi,1332
1149,Deportivo Walter Ferretti,1332
1150,Trenčín,1332
1151,Wikki Tourist,1331
1152,Stal Kamianske,1331
1153,FK Pardubice,1331
1154,Hapoel Jerusalem,1331
1155,Znojmo,1331
1156,HNK Gorica,1331
1157,Hapoel Haifa,1331
1158,Sfîntul Gheorghe,1331
1159,Bella Vista,1331
1160,Boyacá Chicó FC,1331
1161,Śląsk Wrocław,1331
1162,Zhetysu Taldykorgan,1331
1163,FC Struga Trim-Lum,1331
1164,Paços de Ferreira,1331
1165,Patriotas Boyacá,1331
1166,MyPa,1330
1167,Sport Colombia,1330
1168,Horoya AC,1330
1169,Annaba,1330
1170,Ventspils,1330
1171,Bakı,1330
1172,FK Tuzla City,1330
1173,Shakhter Karagandy,1330
1174,General Caballero,1330
1175,Stade Tunisien,1329
1176,SK Brann,1329
1177,Moghreb Tétouan,1329
1178,Heartland FC,1329
1179,Braşov,1329
1180,Olhanense,1329
1181,Inverness CT,1329
1182,FC Arsenal Kiev,1328
1183,Asociación Deportiva Tarma (ADT),1328
1184,Club River Plate,1328
1185,Stade Gabésien,1328
1186,CA Palmaflor,1328
1187,C.A. Cerro,1328
1188,Sevastopol,1328
1189,Léopards de Dolisié,1328
1190,Rhyl,1328
1191,Baniyas,1328
1192,Highlands Park,1328
1193,Royal Excel Mouscron Péruwelz,1328
1194,Club Petrolero,1328
1195,Strømsgodset,1327
1196,Panetolikos,1327
1197,Botafogo FC,1327
1198,Uniautónoma FC,1327
1199,Košice,1327
1200,Mount Pleasant FC,1327
1201,FKS Stal Mielec,1327
1202,Zimbru,1327
1203,Gwangju FC,1326
1204,Narva Trans,1326
1205,Deportivo La Guaira FC,1326
1206,2 de Mayo,1326
1207,Heart of Lions,1326
1208,Tianjin Tianhai,1326
1209,Mes Kerman,1326
1210,Panionios,1326
1211,AC Oulu,1326
1212,Ittihad El-Shorta,1326
1213,Ratchaburi FC,1325
1214,Atlante,1325
1215,AS Slimane,1325
1216,Roeselare,1325
1217,Orduspor,1325
1218,Balıkesirspor,1325
1219,Cavaliers FC,1325
1220,FK Inhulets' Petrove,1325
1221,Bukola Babes,1325
1222,Lamontville Golden Arrows,1324
1223,Vancouver Whitecaps,1324
1224,Kristiansund BK,1324
1225,Pars Jonoubi Jam,1324
1226,3 de Febrero,1324
1227,FK Gorodeya,1324
1228,Sporting San Miguelito,1324
1229,USM El Harrach,1324
1230,Racing Club,1324
1231,Ismaily SC,1324
1232,Metropolitanos FC,1323
1233,Avispa Fukuoka,1323
1234,Deportivo Los Caimanes,1323
1235,Hajduk Kula,1323
1236,Etoile Metlaoui,1323
1237,Ceramica Cleopatra,1323
1238,Pécsi MFC,1323
1239,Ankaragücü,1323
1240,Sport Loreto,1323
1241,Deportivo Municipal,1323
1242,FK Mladost Lučani,1323
1243,USM Khenchela,1323
1244,Simurq,1323
1245,Navbahor Namangan,1323
1246,Juan Aurich,1322
1247,Defensor La Bocana,1322
1248,Sportivo San Lorenzo,1322
1249,Africa Sports National,1322
1250,Union Douala,1322
1251,Union de Touarga,1322
1252,Independiente Petrolero,1322
1253,Meizhou Hakka F.C.,1322
1254,Académica,1322
1255,Maniema Union,1321
1256,Sportivo Trinidense,1321
1257,Spartak Nal'chik,1321
1258,IFK Värnamo,1321
1259,MTK Budapest,1320
1260,FK Rotor Volgograd,1320
1261,Keşlə Futbol Klubu,1320
1262,Velež Mostar,1320
1263,Júbilo Iwata,1320
1264,Varbergs BoIS,1320
1265,Bnei Sakhnin,1320
1266,Sport Boys,1320
1267,Deportes Copiapó,1320
1268,Kayseri Erciyesspor,1319
1269,Arnett Gardens,1319
1270,RC Arbaâ,1319
1271,Saipa FC,1319
1272,Yenisey Krasnoyarsk,1319
1273,AS Tanda,1319
1274,Platinum Stars,1319
1275,Deportivo Carapeguá,1319
1276,Leixões,1318
1277,Degerfors IF,1318
1278,Triangle FC,1318
1279,Gençlerbirligi,1318
1280,Al Feiha,1318
1281,Ümraniyespor,1318
1282,Université Ngaoundéré,1318
1283,Universidad de San Carlos,1318
1284,Manisaspor,1318
1285,Deportivo Sanarate,1318
1286,Pérez Zeledón,1318
1287,FC Fastav Zlin,1318
1288,Abha Club,1318
1289,Damash,1317
1290,Cúcuta Deportivo,1317
1291,Havadar S.C.,1317
1292,IFK Mariehamn,1317
1293,Petrolul Ploieşti,1317
1294,AD Unión Magdalena,1317
1295,Madura United,1317
1296,Altay S.K.,1317
1297,Olympiakos Nicosia,1316
1298,Bayamón FC,1316
1299,FK Tosno,1316
1300,Grödig,1316
1301,Slavia-Mozyr,1316
1302,Kortrijk,1316
1303,Balmazújváros,1316
1304,DRB Tadjenanet,1316
1305,MC El Bayadh,1316
1306,AD Grecia FC,1316
1307,Don Bosco SC,1316
1308,Tacuarembó,1316
1309,ASGNN,1315
1310,Petrojet,1315
1311,ŠKF Sereď,1315
1312,Mineros de Guayana,1315
1313,Carlos A. Mannucci,1315
1314,Monaghan United,1315
1315,Unirea Urziceni,1314
1316,WWS Rangers,1314
1317,Náutico,1314
1318,Aigle Royal,1314
1319,Deportivo Quito,1314
1320,National Bank,1314
1321,TSV Hartberg,1314
1322,Albion F.C.,1314
1323,Al-Tai FC,1314
1324,Gazelle FC de Garoua,1313
1325,sekhukhune united fc,1313
1326,Desportivo Da Huíla,1313
1327,CD America de Quito,1313
1328,Zagłębie Lubin,1312
1329,Hegelmann Litauen Kaunas,1312
1330,Akwa Starlets,1312
1331,Melbourne Victory,1312
1332,Inter Miami CF,1312
1333,Semen Padang,1312
1334,Padideh F.C.,1312
1335,Avenir de La Marsa,1312
1336,Al-Ramtha SC,1312
1337,Western Sydney,1312
1338,Sanat Naft Abadan,1312
1339,Etar,1312
1340,Ifeanyi Ubah United,1312
1341,Estudiantes Tecos,1311
1342,Stella Club,1311
1343,Legon Cities FC,1311
1344,Karpaty Lviv,1311
1345,Tampere United,1311
1346,Torpedo Kutaisi,1311
1347,Sibir Novosibirsk,1311
1348,Dalian Professional FC,1311
1349,Dundee United,1310
1350,Seongnam FC,1310
1351,KACM Marrakech,1310
1352,SC Chabab Mohammédia,1310
1353,Blooming,1310
1354,Bechem United,1310
1355,FC Lahti,1310
1356,Al Raed,1310
1357,Qatar SC,1310
1358,Mons,1310
1359,Podbrezová,1309
1360,Telephonaat Beni Suef,1309
1361,Brujas,1309
1362,AFC UTA Arad,1309
1363,Argeș Pitești,1309
1364,Villa Teresa,1309
1365,Santos de Guápiles,1309
1366,AS Aïn M'lila,1308
1367,St. Johnstone,1308
1368,Mattersburg,1308
1369,Penybont FC,1308
1370,SC Austria Lustenau,1308
1371,Busan I'Park,1308
1372,LDU Portoviejo,1308
1373,Amicale FC,1308
1374,Santos,1308
1375,Stabæk,1308
1376,FC Tsarsko Selo Sofia 2015,1308
1377,Renaissance Club Zemamra,1307
1378,Deportes La Serena,1307
1379,Moroka Swallows,1307
1380,CNI,1307
1381,Doma United,1307
1382,Academia Puerto Cabello,1307
1383,FK Mariupol Illichivets',1307
1384,Total Chalaco,1307
1385,Central,1307
1386,Gokulam Kerala Fc,1306
1387,Sporting Clube de Goa,1306
1388,El Kanemi Warriors,1306
1389,Oita Trinita,1306
1390,Bakaridjan de Barouéli,1306
1391,FK Septemvri Sofia,1306
1392,Neuchâtel Xamax,1305
1393,Asoc. Dep. y Rec. Jicaral Sercoba,1305
1394,FC Winterthur,1305
1395,Shahrdari Tabriz,1305
1396,Lobos UPNFM,1305
1397,Wisła Kraków,1305
1398,Khroub,1304
1399,United Sports Club,1304
1400,FK Panevėžys,1304
1401,Shabanie Mine,1304
1402,TS Galaxy,1304
1403,El Gounah,1304
1404,Fauve Azur Elite FC,1304
1405,Olimpik Donetsk,1304
1406,Vista Hermosa,1304
1407,San Francisco FC,1304
1408,San Luis,1304
1409,Ventforet Kofu,1303
1410,Zarzis,1303
1411,Rapide Club Oued Zem,1303
1412,Delta Force FC,1303
1413,FK Radnik Surdulica,1303
1414,Szombathelyi Haladás,1303
1415,Portmore United FC,1303
1416,Lautoka,1303
1417,Ergotelis,1303
1418,Persidafon,1303
1419,AL Qadisiyah FC,1303
1420,Lučko,1303
1421,New Edubiase FC,1302
1422,Minyor Pernik,1302
1423,Larisa Ael,1302
1424,Maccabi Petah Tikva,1302
1425,Puerto Rico Islanders,1302
1426,Sofapaka,1302
1427,Al-Wakra,1302
1428,Isidro Metapán,1302
1429,Universitatea Cluj,1302
1430,Zawisza Bydgoszcz,1302
1431,Green Buffaloes,1302
1432,Wadi Degla FC,1302
1433,FC Daugava,1302
1434,Gefle,1302
1435,Napredak,1301
1436,Police Tero FC,1301
1437,Merreikh El-Fasher,1301
1438,Saïda,1301
1439,Turnu Severin,1301
1440,Atlético Choloma,1301
1441,Puntarenas FC,1301
1442,Juventud Independiente,1301
1443,Ebusua Dwarfs,1301
1444,OFK Titograd,1301
1445,Zeta,1301
1446,Águilas,1300
1447,Ayacucho FC,1300
1448,Jalapa,1300
1449,Hamarkameratene,1300
1450,San Jose Earthquakes,1300
1451,Rampla Juniors,1300
1452,Chicago Fire,1300
1453,Al-Jazeera Amman,1300
1454,Johor Darul Ta'zim FC,1300
1455,Cerro Porteño PF,1299
1456,Joenkoepings Soedra,1299
1457,MFM FC,1299
1458,Pacífico,1299
1459,Shijiazhuang Ever Bright,1299
1460,Pescara,1299
1461,Waterford United FC,1299
1462,Managua FC,1299
1463,AZAL PFC Baku,1299
1464,Club Vaca Díez de Pando,1299
1465,Alaniya,1299
1466,Cambuur,1299
1467,Zulia,1299
1468,FK Spartak Subotica,1299
1469,Panthère,1299
1470,Aluminium Hormozgan,1299
1471,Suchitepéquez,1299
1472,Diósgyör,1299
1473,Mumbai City FC,1299
1474,Jeonnam Dragons,1298
1475,Kladno,1298
1476,Assyriska,1298
1477,NAC Breda,1298
1478,Liberty Professionals,1298
1479,Korona Kielce,1298
1480,Juventud de Las Piedras,1298
1481,Penafiel,1298
1482,Centre Salif Kéita,1298
1483,Pattaya United,1298
1484,Guadalupe FC,1298
1485,Albirex Niigata,1298
1486,Duguwolofila,1297
1487,Ramonense PO,1297
1488,Bolognesi,1297
1489,Aluminij,1297
1490,FK Vitebsk,1297
1491,Chabab Atlas Khénifra,1297
1492,Comerciantes Unidos,1297
1493,Deportivo Santaní,1297
1494,Go Round,1296
1495,MZKS Arka Gdynia,1296
1496,Eupen,1296
1497,Wellington Phoenix,1296
1498,Kaisar Kyzylorda,1296
1499,ZPC Kariba,1296
1500,Al Ahli,1296
1501,MO Béjaia,1296
1502,Alki Oroklinis,1296
1503,Sable Batié,1295
1504,Victoria,1295
1505,Harare City,1295
1506,Santa Lucia Cotzumalguapa,1295
1507,Săgeata Năvodari,1295
1508,Polokwane City,1295
1509,FK Iskra,1295
1510,Al Ahli Tripoli,1295
1511,Rah Ahan,1295
1512,Fredrikstad,1295
1513,Racing Club d'Abidjan,1295
1514,Olympic El Qanah FC,1295
1515,Rentistas,1294
1516,Sogndal,1294
1517,FC Anzhi Makhachkala,1294
1518,FC Vaduz,1294
1519,Feirense,1294
1520,Motherwell,1294
1521,Toronto FC,1294
1522,José Gálvez,1294
1523,OCK Khouribga,1294
1524,FC Dordrecht,1294
1525,AS Denguélé,1294
1526,Maritzburg United,1294
1527,Real Cartagena,1294
1528,Estudiantes de Mérida,1294
1529,NK Istra 1961,1293
1530,Caernarfon,1293
1531,Necaxa,1293
1532,Caïman Douala,1293
1533,Chongqing Liangjiang Athletic F.C.,1293
1534,Universitario de Vinto,1293
1535,Joe Public,1293
1536,Zulte Waregem,1293
1537,Ciclon,1293
1538,Deportivo Anzoátegui,1293
1539,Ekranas,1293
1540,Barrio México,1292
1541,Bucaspor,1292
1542,Jigawa Golden Stars,1292
1543,FK Kolubara,1292
1544,Ruch Chorzów,1292
1545,Aboomoslem,1292
1546,Lokeren,1292
1547,Kaduna United FC,1292
1548,LPTA Tozeur,1292
1549,SV Ried,1292
1550,Capaco,1292
1551,Vasas Budapest,1292
1552,Barry Town United FC,1292
1553,Olympique de Medea,1291
1554,Alianza,1291
1555,Rising Stars,1291
1556,Taraba,1291
1557,Chippa United,1291
1558,FK Slutsk,1291
1559,Teplice,1291
1560,Tianjin Jinmen Tiger F.C.,1291
1561,Kitchee,1291
1562,Chepo FC,1291
1563,Santa Tecla FC,1291
1564,Sport Boys Warnes,1291
1565,Sportif de Chebba,1291
1566,Gaziantepspor,1291
1567,Deportes Quindío,1290
1568,Esteghlal Khuzestan FC,1290
1569,Leones FC,1290
1570,Wiliete SC,1290
1571,Real Tomayapo,1290
1572,Hispano,1290
1573,Qingdao Jonoon,1290
1574,Free State Stars,1290
1575,Viktoria Žižkov,1290
1576,Brisbane Roar FC,1290
1577,Ethnikos Achnas,1290
1578,NK Tabor Sežana,1289
1579,KV Oostende,1289
1580,Adanaspor,1289
1581,United Petrotrin,1289
1582,Dinamo Bucureşti,1289
1583,Jagodina,1289
1584,Accra Great Olympics,1289
1585,Koloale,1289
1586,Indios,1289
1587,AS Rejiche,1288
1588,Ngezi Platinum FC,1288
1589,Lierse,1288
1590,Pas Hamedan,1288
1591,Öster,1288
1592,Obolon',1288
1593,Dreams FC,1288
1594,Onze Créateurs,1288
1595,Vegalta Sendai,1288
1596,Nkana FC,1288
1597,Pretoria University,1288
1598,NK Krka,1288
1599,União de Leiria,1288
1600,V-Varen Nagasaki,1288
1601,Botev Vratsa,1288
1602,Al Wahda,1287
1603,Dalian Shide,1287
1604,Guangzhou F.C.,1287
1605,Belén Siglo XXI,1287
1606,Bayelsa United,1287
1607,ADO Den Haag,1287
1608,Santiago Wanderers,1287
1609,Sriwijaya FC,1287
1610,Virunga,1287
1611,Al-Zawraa SC,1287
1612,Deportivo Llacuabamba,1287
1613,Kilmarnock,1287
1614,Karlovac,1287
1615,SV Roeselare,1286
1616,Sport Rosario (Huaraz),1286
1617,C.D. Hermanos Colmenarez,1286
1618,Dukla Praha,1286
1619,Vestsjælland,1286
1620,El Entag El Harby,1286
1621,Dragons,1286
1622,Issia Wazi,1286
1623,Örebro,1286
1624,Al-Khaleej Club,1286
1625,Hamam Sousse,1286
1626,Avion Fc Du Nkam,1286
1627,Halmstads BK,1286
1628,Internaţional Curtea de Argeş,1286
1629,Perth Glory,1286
1630,AOK Kerkyra,1286
1631,Al Shoalah,1286
1632,Hyderabad FC,1285
1633,Al-Bourj FC,1285
1634,Mictlán,1285
1635,Hønefoss,1285
1636,Taraz,1285
1637,Usc Bassam,1285
1638,Chikhura,1285
1639,Deportivo del Este,1285
1640,Lokomotiv Mezdra,1285
1641,Al-Salt,1285
1642,Belshina Bobruisk,1285
1643,Crucero del Norte,1285
1644,Ranheim,1285
1645,Kyoto Sanga FC,1284
1646,Prison Leopards,1284
1647,Marumo Gallants FC,1284
1648,Skenderbeu,1284
1649,USM Bel Abbès,1284
1650,Deportivo Achuapa,1284
1651,Veria FC,1284
1652,VVV-Venlo,1284
1653,FF Jaro,1284
1654,El-Sharkia Lel Dokhan (Eastern Company SC),1284
1655,Limón,1284
1656,USFAS Bamako,1283
1657,Alianza Universidad Huanuco,1283
1658,Youssoufia Berrechid,1283
1659,Williamsville Athletic Club,1283
1660,Lausanne,1283
1661,Haras El-Hodood SC,1283
1662,Suphanburi FC,1283
1663,Akademija Pandev,1283
1664,Hapoel Rishon LeZion,1283
1665,Shabab Al Sahel,1283
1666,Åtvidaberg,1283
1667,Polonia Bytom,1283
1668,Dečić,1283
1669,EGS Gafsa,1283
1670,San Simon,1282
1671,Turku PS,1282
1672,Elima,1282
1673,Humble Lions,1282
1674,Gateway FC,1282
1675,Halcones FC,1281
1676,CS Uruguay,1281
1677,Hawke's Bay United,1281
1678,Xinabajul,1281
1679,Pirin Blagoevgrad,1281
1680,Steel Azin,1281
1681,Panserraikos,1281
1682,Atyrau,1281
1683,Renaissance de Ngoumou,1280
1684,Zemplin Michalovce,1280
1685,FK Mladost Novi Sad,1280
1686,Lion Blessé,1280
1687,Ross County,1280
1688,Volyn,1280
1689,Houston Dynamo,1280
1690,Örgryte,1280
1691,Doxa Katokopia,1280
1692,Chornomorets Odesa,1280
1693,Falkirk,1280
1694,FC Cincinnati,1280
1695,Kyzylzhar Petropavlovsk,1280
1696,Real Juventud,1280
1697,Matsumoto Yamaga,1280
1698,Ocean Boys FC,1280
1699,New Star de Douala,1280
1700,Maccabi Bnei Reineh,1279
1701,FC Minaj,1279
1702,FC Samgurali Tskhaltubo,1279
1703,Once Municipal,1279
1704,Othellos Athienou FC,1279
1705,Makedonija Gjorče Petrov,1279
1706,Sogakope WAFA,1279
1707,Dunbeholden FC,1279
1708,Göztepe AŞ,1279
1709,Al-Hussein SC Irbid,1279
1710,CODM Meknès,1279
1711,Green Eagles,1279
1712,FC Dunărea Călăraşi,1279
1713,Río Abajo,1279
1714,Granit,1279
1715,Mohammedan SC,1279
1716,GAIS,1278
1717,Molinos El Pirata FC,1278
1718,Ironi Ramat HaSharon,1278
1719,FK Tambov,1278
1720,Aizawl,1278
1721,Western United FC,1278
1722,Čelik Nikšić,1278
1723,12 de Octubre de Itaugua,1278
1724,AC Horsens,1278
1725,Umm-Salal,1278
1726,Dragon,1278
1727,Guizhou Hengfeng,1278
1728,Shabab Al-Ordon Club,1277
1729,FK Proleter Novi Sad,1277
1730,RNK Split,1277
1731,Clan Juvenil,1277
1732,Costuleni,1277
1733,FK Istiqlol Dushanbe,1277
1734,Dacia Buiucani,1277
1735,L.A. Firpo,1277
1736,CD Platense Municipal,1277
1737,AS Korofina,1277
1738,Târgu Mureş,1277
1739,Javor,1277
1740,Carmarthen,1277
1741,Ikorodu United,1276
1742,Bekescsaba,1276
1743,Diyarbakirspor,1276
1744,CD EL Vencedor,1276
1745,Progresso da Lunda Sul,1276
1746,Aurora,1276
1747,Cortuluá,1276
1748,Grbalj Radanovici,1276
1749,Nakhon Ratchasima FC,1276
1750,Renova,1276
1751,Rabotnički,1276
1752,Douanes Niamey,1275
1753,Sandecja Nowy Sącz,1275
1754,Zlate Moravce,1275
1755,Karela United FC,1275
1756,Universitatea Craiova,1275
1757,Waasland-Beveren,1275
1758,Partick Thistle,1275
1759,Hienghène Sport,1275
1760,Gyirmót SE,1274
1761,Shelbourne,1274
1762,Chabab Rif Al Hoceima,1274
1763,Aragua FC,1274
1764,Radnički 1923 Kragujevac,1274
1765,Esan United,1274
1766,Stade d'Abidjan,1274
1767,Fajr Sepasi,1274
1768,Politehnica Iaşi,1274
1769,Voinţa Sibiu,1274
1770,OFK Beograd,1274
1771,Bełchatów,1274
1772,ASI D'Abengourou,1274
1773,Chapungu United,1273
1774,Dukla Banska Bystrica,1273
1775,PSIS,1273
1776,JC Abidjan,1273
1777,Dan Kassawa,1273
1778,Juventud Retalteca,1273
1779,Academia Cantolao,1273
1780,Urana,1273
1781,Ghazl El Mehalla,1273
1782,SOL FC,1273
1783,Al-Orobah FC,1273
1784,Venus,1273
1785,Glenavon,1273
1786,Chengdu Blades,1272
1787,Académica do Soyo,1272
1788,AS Matelots,1272
1789,MFK Karviná,1272
1790,Ferroviário da Beira,1272
1791,ACS Poli Timişoara,1272
1792,Njala Quan,1272
1793,Hay Al Wadi SC,1272
1794,SønderjyskE,1272
1795,Metallurg Bekobod,1272
1796,Sumqayıt,1272
1797,Ba,1272
1798,SCR Altach,1272
1799,Lausanne Sport,1272
1800,Drava,1271
1801,Muğan,1271
1802,Black Rhinos,1271
1803,Gorica,1271
1804,Sacachispas Chiquimula,1271
1805,FC Rapid Ghidighici,1271
1806,Enosis Paralimni,1271
1807,Mersin İdmanyurdu,1271
1808,KPV,1271
1809,Persiwa Wamena,1271
1810,Wydad Fès,1271
1811,Sogdiyona Jizzax,1271
1812,FC Lviv,1271
1813,Sreenidi Deccan,1271
1814,FC Luch Minsk,1270
1815,Šibenik,1270
1816,Dalkurd FF,1270
1817,Black Mambas,1270
1818,Shooting Stars,1270
1819,Atlético de Kolkata,1270
1820,FK Olympic Tashkent,1270
1821,Atheltic Club Port of Spain,1270
1822,RoPS Rovaniemi,1270
1823,Lokomotiv Gorna Oryahovitsa,1270
1824,Deportivo Chiantla,1270
1825,Bibiani Gold Stars F.C.,1270
1826,Real Santa Cruz,1270
1827,Oestersunds FK,1270
1828,Al-Sailiya,1270
1829,Tammeka,1270
1830,ESPOLI,1270
1831,JUTH FC,1269
1832,Herentals FC,1269
1833,Hapoel Petah Tikva FC,1269
1834,Atenas,1269
1835,Esbjerg fB,1269
1836,Dunav Ruse,1269
1837,NK Varaždin,1269
1838,Shahin Bushehr FC,1269
1839,Army United,1269
1840,Odra Wodzisław,1269
1841,Eagles,1268
1842,St. George,1268
1843,Granit Mikashevichi,1268
1844,Vendsyssel FF,1268
1845,FA Šiauliai,1268
1846,Volga Nyzhnyi,1268
1847,DC United,1268
1848,How Mine,1268
1849,Herrera FC,1268
1850,Odisha FC,1268
1851,USM Blida,1268
1852,SKA-Khabarovsk,1268
1853,Akokana,1268
1854,Académica Lobito,1268
1855,FK Sileks,1268
1856,Nacional,1268
1857,F91 Dudelange,1268
1858,Central Coast Mariners FC,1268
1859,FK Zemun,1267
1860,Henderson Eels,1267
1861,Sololá FC,1267
1862,Vejle Boldklub,1267
1863,Macarthur FC,1267
1864,Nogoom FC,1267
1865,Punjab Football Club,1267
1866,Petrovac,1267
1867,Lion City Sailors FC,1267
1868,General Díaz,1267
1869,Barnechea,1267
1870,FC Pyunik,1267
1871,Prachuap FC,1267
1872,Tivoli Gardens,1267
1873,Bulawayo Chiefs,1267
1874,Primorje,1267
1875,Newcastle United Jets,1267
1876,Forest Rangers,1267
1877,Cerrito,1266
1878,Drogheda United,1266
1879,OFTA FC,1266
1880,Nalkutan FC,1266
1881,HB Chelghoum Laïd,1266
1882,Dubnica,1266
1883,CD das Aves,1266
1884,Royal Wahingdoh,1266
1885,Atlético Sport Aviação,1266
1886,Radnik Bijeljina,1266
1887,Rudar Pljevlja,1266
1888,Kabwe Warriors,1266
1889,AS Salé,1266
1890,Athlone Town,1266
1891,Aarau,1266
1892,Atlético Venezuela,1265
1893,Termalica Nieciecza,1265
1894,Podbeskidzie Bielsko-Biala,1265
1895,Sloboda Tuzla,1265
1896,Al Ahli Benghazi,1265
1897,FC Hebar 1918,1265
1898,Flint Town United,1265
1899,FK Aksu,1265
1900,JSM Laâyoune,1265
1901,Sukhothai FC,1265
1902,Dunaújváros Pálhalma SE,1265
1903,Khon Kaen United FC,1265
1904,Maestro United Zambia,1265
1905,El Dakhleya,1265
1906,AD Guanacasteca,1265
1907,NK Zadar,1265
1908,Baroka FC,1265
1909,Nyíregyháza Spartacus,1264
1910,KCCA FC,1264
1911,Wiener Neustadt,1264
1912,Medimurje,1264
1913,Miedź Legnica,1264
1914,Persiba Balikpapan,1264
1915,Manica Diamonds,1264
1916,Grombalia Sports,1264
1917,Ittihad Tanger,1264
1918,Béni-Khalled,1264
1919,Mufulira Wanderers,1264
1920,Al Nahdha Dammam,1264
1921,Buffaloes FC,1263
1922,San Juan FC,1263
1923,Tefana,1263
1924,FK Spartak 1918 Varna,1263
1925,Atlético Huila,1263
1926,FK Donji Srem,1263
1927,Municipal Limeño,1263
1928,Zacapa,1263
1929,Lys Sassandra,1263
1930,Shark XI,1263
1931,Chainat FC,1263
1932,Atlético Balboa,1263
1933,PSPS Pekanbaru,1263
1934,Hapoel Nof HaGalil,1263
1935,Aberystwyth,1263
1936,Zamfara United FC,1263
1937,Aalesund,1262
1938,Veti Club,1262
1939,Al Hilal Kadougli,1262
1940,Juticalpa,1262
1941,Wuachon United,1262
1942,Hay al-Arab (SUD),1262
1943,Olympic Niamey,1262
1944,Dinamo-Auto,1262
1945,Nong Bua Pitchaya FC,1262
1946,Accra Lions FC,1262
1947,Hoang Anh Gia Lai,1262
1948,Parrillas One,1262
1949,Harbin Yiteng,1262
1950,Olympique du Kef,1262
1951,Galway United FC,1262
1952,Haidob En Nahud,1262
1953,Al Ahli Khartoum,1262
1954,AEL Kalloni FC,1261
1955,Harbour View,1261
1956,FK Jezero Plav,1261
1957,FC Wacker Innsbruck,1261
1958,Real Kashmir FC,1261
1959,HŠK Posušje,1261
1960,US Bitam,1261
1961,RC Bafoussam,1261
1962,Lengthens,1261
1963,Chennai City FC,1261
1964,Ústí nad Labem,1261
1965,NIGELEC,1261
1966,Blessing FC,1261
1967,Tema Youth,1260
1968,Alamal Atbara,1260
1969,Cabinda,1260
1970,FK Krupa,1260
1971,Victoria Branesti,1260
1972,BSK Borča,1260
1973,Ermis Aradippou,1260
1974,Berekum Arsenal,1260
1975,Kiglon,1260
1976,FC Tskhinvali,1260
1977,Saint George,1260
1978,Kansanshi Dynamos,1260
1979,Deportivo Marquense,1260
1980,FC Goa,1260
1981,Llandudno FC,1259
1982,Samut Prakan City,1259
1983,Nchanga Rangers,1259
1984,Najran SC,1259
1985,Siófok,1259
1986,Njube Sundowns,1259
1987,El Raja,1259
1988,Entente Sportive du Bafing,1259
1989,FC Maktaaral,1259
1990,Yokohama FC,1259
1991,Tavriia,1259
1992,Unirea Alba Iulia,1259
1993,Akzhaiyk Uralsk,1259
1994,Příbram,1259
1995,Petržalka,1259
1996,AS-FAN,1259
1997,Pirae,1259
1998,Al Fallah Atbara FC,1259
1999,FC Arsenal Dzerzhinsk,1259
2000,FK Auda,1258
2001,FK Metalac,1258
2002,JEF United,1258
2003,KAC Kénitra,1258
2004,Angostura FC,1258
2005,PSS Sleman,1258
2006,Hasaacas,1258
2007,Hobro,1258
2008,Jocoro FC,1258
2009,R.F.C. Seraing,1258
2010,Gabès,1258
2011,Police United FC,1258
2012,Central Sport,1257
2013,Čelik Zenica,1257
2014,Al Sharkeyah,1257
2015,AS Bamako,1257
2016,FK Horizont Turnovo,1257
2017,Eleven Wonders FC,1257
2018,Liga Muçulmana,1257
2019,AL Safa,1257
2020,J.S. Groupe Bazano,1257
2021,Ballymena United,1257
2022,Inter Allies FC,1257
2023,Neftochimic Burgas 1962,1257
2024,Chennaiyin FC,1257
2025,Universitario,1257
2026,FK Zvijezda 09,1257
2027,Siquinalá FC,1256
2028,Yobe Desert Stars,1256
2029,Admira Wacker Mödling,1256
2030,Sepidrood Rasht SC,1256
2031,Gaitcha FCN,1256
2032,Helsingborgs IF,1256
2033,Barito Putera,1256
2034,Kongsvinger,1256
2035,Ocean Pacifique,1256
2036,Denizlispor,1256
2037,Viettel Football Club,1256
2038,Amidaus Professionals FC,1255
2039,CS Hammam-Lif,1255
2040,King Faisal,1255
2041,Yanbian,1255
2042,Nafta,1255
2043,Gaborone United,1255
2044,Tallinna JK Legion,1255
2045,FK Bokelj,1255
2046,Solomon Warriors FC,1255
2047,Ittihad Zemouri de Khemisset,1255
2048,Sandnes,1255
2049,CA Batna,1255
2050,FK Kaspiy Aktau,1255
2051,ABM Galaxy FC,1255
2052,Mumbai FC,1255
2053,Kerala Blasters FC,1255
2054,Teungueth FC,1255
2055,Mladi Radnik,1255
2056,Persis Solo,1255
2057,Lamia,1255
2058,Arcahaie FC,1254
2059,El Mansura,1254
2060,Okzhetpes Kokshetau,1254
2061,Crown FC,1254
2062,Nkoyi Bilombe,1254
2063,RC Relizane,1254
2064,Aswan FC,1254
2065,FC Telavi,1254
2066,Al-Ain FC,1254
2067,Sahel,1254
2068,MFK Tatran Liptovský Mikuláš,1254
2069,Ankaran Hrvatini,1254
2070,Ceahlăul Piatra,1254
2071,Mogren,1254
2072,AS Puma Generaleňa,1254
2073,Santa Gema FC,1254
2074,Likasi,1254
2075,Doxa Dramas,1254
2076,Samartex,1254
2077,Cobresol,1254
2078,Dinamo Vranje,1253
2079,Sportul Studentesc,1253
2080,Akritas Chlorakas,1253
2081,Al-Markhiya Sports Club,1253
2082,Gornik Leczna,1253
2083,Canon Buromeca,1253
2084,AL Shorta SC,1253
2085,Scorpion FC de Bé,1253
2086,FK Arsenal Tivat,1253
2087,FK Turan Turkistan,1253
2088,Panthrakikos Komotini,1253
2089,EO Sidi Bouzid,1253
2090,Sriracha,1253
2091,El Minya,1253
2092,Persema Malang,1253
2093,Portuguesa FC,1253
2094,Merreikh Nyala,1253
2095,TRAU F.C.,1253
2096,APOP / Kinyras,1253
2097,Union Deportivo Universitario,1252
2098,Tom' Tomsk,1252
2099,USGN,1252
2100,Saraburi FC,1252
2101,Rad Beograd,1252
2102,Spartak Semey,1252
2103,Zagłębie Sosnowiec,1252
2104,Partizani Tirana,1252
2105,Gigira Laitepo,1252
2106,Tsholotsho,1252
2107,Zimbabwe Saints,1252
2108,Young Africans,1252
2109,Rangdajied United,1252
2110,Hapoel Kfar Saba,1252
2111,PA Sambizanga,1252
2112,Cosmos de Bafia,1252
2113,Ħamrun Spartans,1251
2114,Ibanda Sport,1251
2115,Limerick,1251
2116,UWI FC,1251
2117,Sandefjord Football,1251
2118,AS Police,1251
2119,Lamphun Warrior,1251
2120,Rajasthan United,1251
2121,Dragon de Yaoundé,1251
2122,ONGC FC,1251
2123,Mighty Jets,1251
2124,Ajman Club,1251
2125,SKN Sankt Pölten,1251
2126,GFK Tikvesh,1251
2127,NA Hussein Dey,1251
2128,Kokand 1912,1251
2129,Kabasha,1251
2130,Marek Dupnitsa,1251
2131,Social Sol,1251
2132,Budafoki MTE,1250
2133,Rudar Velenje,1250
2134,Sektzia Ness Ziona FC,1250
2135,Yeni Malatyaspor,1250
2136,Kaloum Star,1250
2137,LLB Académic,1250
2138,Olympic Club,1250
2139,FK Šilas,1250
2140,AS Nyuki de Butembo,1250
2141,Highway,1250
2142,Nord Sport,1250
2143,H&H Export Sébaco FC,1250
2144,Ahal FK,1250
2145,Persiram Raja Ampat,1250
2146,Tuti SC Khartoum,1250
2147,Aïn Fakroun,1250
2148,Etoile du Kivu,1250
2149,Miramar Misiones,1250
2150,Nembe City FC,1250
2151,Platense,1250
2152,Independiente FC,1250
2153,Sabé,1250
2154,Diables Noirs,1250
2155,FK Sloga Doboj,1249
2156,CSMS Iaşi,1249
2157,Township Rollers,1249
2158,Yadah FC,1249
2159,Qizilqum Zarafshon,1249
2160,Suva,1249
2161,Sunkar,1249
2162,KF Tirana,1249
2163,Rayo Zuliano,1249
2164,C.D. Lunda Sul,1249
2165,Gaz Metan Mediaş,1249
2166,Ararat-Armenia FC,1249
2167,Lincoln Red Imps FC,1249
2168,Progresso Associação do Sambizanga,1249
2169,Deportivo Savio,1249
2170,AS Kasserine,1249
2171,Young Green Eagles,1249
2172,Azam,1249
2173,FC Alashkert,1249
2174,Wad Nubawi Khartoum FC,1249
2175,Bouaké FC,1249
2176,AC Kuya Sport,1249
2177,Nkwazi,1249
2178,Radomlje,1248
2179,Sliven,1248
2180,Metalleghe BSI,1248
2181,Nsoatreman FC,1248
2182,El Dorado,1248
2183,Al Quwa Al Jawiya,1248
2184,FK Kom Podgorica,1248
2185,Zestafoni,1248
2186,US Panda B5,1248
2187,FC Lubumbashi sport,1248
2188,Uniao Sport Clube do Uige,1248
2189,Wad Hashim SC Sennar,1248
2190,Kuwait SC,1248
2191,Tamme Auto,1248
2192,Molunge,1247
2193,Juventud Escuintleca,1247
2194,Pelita Bandung Raya,1247
2195,Mitra Kukar,1247
2196,CS Fola Esch,1247
2197,Warrior,1247
2198,Neftchi,1247
2199,Vipers SC,1247
2200,Verdes FC,1247
2201,La U Universitarios,1247
2202,JCT FC,1247
2203,CD Chalatenango,1247
2204,Platanias,1247
2205,Universidad Central de Venezuela FC,1247
2206,Krumkachy Minsk,1247
2207,Dewa United F.C.,1247
2208,Cunupia FC,1247
2209,Stjarnan,1247
2210,Tamale City,1247
2211,Deportivo Zulia,1246
2212,Ranchers Bees,1246
2213,Haverfordwest County,1246
2214,FK Jerv,1246
2215,Ha Noi TT,1246
2216,Gran Valencia FC,1246
2217,UMECIT FC,1246
2218,APEP,1246
2219,Persita Tangerang,1246
2220,CSyD Carchá,1246
2221,Papua New Guinea U20,1246
2222,Togo-Port,1246
2223,NK Igman Konjic,1246
2224,AS Nianan,1246
2225,Akademik Sofia,1246
2226,Asyut Petrol,1246
2227,FC Pasching,1246
2228,FC Kapaz,1246
2229,Shabab Al-Aqaba Club,1245
2230,Persikabo 1973 (INA),1245
2231,Al Qadsia,1245
2232,Levadiakos,1245
2233,Petro Souths,1245
2234,Club Olympique de Médenine,1245
2235,Flame Lilly,1245
2236,Mash'al Muborak,1245
2237,Eleven Wise,1245
2238,DSK Shivajians,1245
2239,Differdange 03,1245
2240,Olympique de Missira,1245
2241,NAPSA Stars FC,1245
2242,Atlético do Namibe,1245
2243,Underhill,1245
2244,Deportivo Mixco,1245
2245,Diaraf,1244
2246,FC MK,1244
2247,GD Escolinha Isaac de Benguela,1244
2248,Al-Ahli Atbara,1244
2249,MSP Batna,1244
2250,Persijap Jepara,1244
2251,Ubon UMT FC,1244
2252,Lae City Dwellers,1244
2253,Binh Duong,1244
2254,Tiare Tahiti,1244
2255,Pontypridd Town,1244
2256,Tokushima Vortis,1244
2257,Adzopé,1244
2258,Mjøndalen IF,1244
2259,Saint-Clément,1243
2260,Tempête,1243
2261,Kukesi,1243
2262,Marist,1243
2263,Point Fortin FC,1243
2264,Mbabane Swallows,1243
2265,Araz PFK,1243
2266,Forge FC,1243
2267,Szolnoki MÁV,1243
2268,El Nasr Tadeen,1243
2269,Sportist Svoge,1243
2270,Erakor Golden Star,1243
2271,Vostok,1243
2272,Shabab El Bourj SC,1243
2273,FC Simba,1243
2274,Santos de Angola,1243
2275,FK Mladost Doboj Kakanj,1242
2276,Muungano,1242
2277,Alkali Nassara,1242
2278,FK Gorno Lisice,1242
2279,Concordia Chiajna,1242
2280,CD Audaz,1242
2281,Mont Bleu,1242
2282,Yafoot FC Yaounde 2,1242
2283,Skalica,1242
2284,Lajong SC,1242
2285,Kalyani Bharat FC,1242
2286,GD Baixa de Kassanje,1242
2287,Interblock,1242
2288,Haskovo 2009,1242
2289,Al-Khor,1241
2290,NK Zagreb,1241
2291,Kazakhmys,1241
2292,FH Hafnarfjordur,1241
2293,Moossou FC,1241
2294,Roan United,1241
2295,Wassaman United,1241
2296,JSK Chabab Kasba Tadla,1241
2297,Sabana de Mopti,1241
2298,AC Mamahira,1241
2299,FC Renaissance du Congo,1241
2300,Espoir,1241
2301,Partizan Minsk,1241
2302,Naft Masjed Soleyman FC,1241
2303,FC Spicul Chișcăreni,1241
2304,Ndoki ya Ndombe,1241
2305,Al Bataeh Club,1241
2306,Standard,1241
2307,Dragón,1241
2308,PAEEK,1240
2309,Al Batin,1240
2310,Rewa,1240
2311,Dunfermline Athletic,1240
2312,Ouragahio,1240
2313,Gahar Zagros,1240
2314,Cranborne Bullets FC,1240
2315,Armed Forces,1240
2316,Tiburones Rojos de Veracruz,1240
2317,NK Krsko,1240
2318,FK Atlantas,1240
2319,Coatepeque,1240
2320,Deltras Sidoarjo,1240
2321,Wexford Youths,1240
2322,Maverly Hughenden FC,1240
2323,Al Ahly Merowe,1239
2324,Racing de Casablanca,1239
2325,Nakhon Pathom,1239
2326,FK Bregalnica Stip,1239
2327,ASM Oran,1239
2328,Tafea FC,1239
2329,FK Zlatibor Čajetina,1238
2330,Mansheyat Bani Hasan,1238
2331,Kober SC Bahri,1238
2332,PSMS,1238
2333,Misr El Makasa,1238
2334,Socozaki,1238
2335,Sportive de Djerba,1238
2336,Jwaneng Galaxy FC,1238
2337,FC Gagra,1238
2338,AC Rangers,1238
2339,Meshki Pooshan Football Club,1238
2340,Cibalia,1237
2341,AFC Eskilstuna,1237
2342,Hardbody,1237
2343,Bukavu Dawa,1237
2344,Lyn,1237
2345,Veraguas FC,1237
2346,Bellinzona,1237
2347,Bray Wanderers,1237
2348,Germinal Beerschot,1237
2349,Beijing Renhe,1237
2350,Perseru Badak Lampung,1237
2351,CD Real de Minas,1236
2352,Sudeva Delhi FC,1236
2353,Saurimo FC,1236
2354,Chiangmai FC,1236
2355,Cibao,1236
2356,Bulawayo City FC,1236
2357,Roumde Adjia,1236
2358,Villa Espanola,1236
2359,Prestatyn Town FC,1236
2360,Airbus UK Broughton FC,1236
2361,Malampa Revivors FC,1236
2362,Kenkre FC,1235
2363,Nikao Sokattak,1235
2364,Al-Shahania S.C.,1235
2365,Deportivo Las Sabanas,1235
2366,Dongo,1235
2367,Kfarsoum,1235
2368,Hamilton Academical,1235
2369,AS Avenir de Tombouctou,1235
2370,CO Bouafle,1235
2371,Al-Hilal Alsahil,1235
2372,Eastern Sports Club,1235
2373,Al-Zoma Khartoum,1235
2374,Ferroviário Do Huambo,1235
2375,Malekesa,1234
2376,Speranţa Crihana,1234
2377,Saint-Luc,1234
2378,Babeti ya Sika,1234
2379,Santa Rita de Cássia FC,1234
2380,Khorfakkan Club,1234
2381,HIFK,1234
2382,Jyvaskyla JK,1234
2383,Kafue Celtic,1234
2384,FC Masr,1234
2385,Yopougon FC,1234
2386,FC Helsingør,1234
2387,ND Triglav,1233
2388,Hiré,1233
2389,Valencia de Leogane,1233
2390,FC Edmonton,1233
2391,Olimpik Sarajevo,1233
2392,Hapoel Ramat Gan,1233
2393,North Eastern Re Organising Cultural Association,1233
2394,Gloria Bistrita,1233
2395,Al Ahli Wad Medani,1233
2396,Kapfenberger SV,1233
2397,TTM Chiangmai,1233
2398,Merikh Kosti,1233
2399,Shenzhen FC,1233
2400,Montedio Yamagata,1232
2401,Lusaka Dynamos,1232
2402,Club Sando,1232
2403,Mgaear Al Sarhan,1232
2404,Hapoel Ra'anana,1232
2405,Cavaly,1232
2406,WaiBOP United,1232
2407,Guangzhou City F.C.,1232
2408,Hapoel Ironi Akko,1232
2409,Lovćen,1232
2410,Puaikura,1232
2411,ASK Dragão do Uíge,1232
2412,Ndjadi,1232
2413,FC Pune City,1232
2414,AEZ Zakakiou,1232
2415,Matiti Mabe,1231
2416,CS Makiso,1231
2417,Nkoy,1231
2418,CS Mioveni,1231
2419,Lumwana Radiants,1231
2420,Maccabi Ahi Nazareth,1231
2421,Trelleborgs FF,1231
2422,Jamshedpur FC,1231
2423,Hilal El-Fasher,1231
2424,Indígenas de Matagalpa,1231
2425,Zumunta,1231
2426,PK-35 Vantaa,1231
2427,RANS Nusantara F.C.,1231
2428,Dauphins Noirs,1230
2429,FK Senica,1230
2430,Chirag Kerala,1230
2431,Kalteng Putra,1230
2432,Bantu Rovers,1230
2433,Start,1230
2434,Liaoning Hongyun,1230
2435,Al-Jalil,1230
2436,Tasman United,1230
2437,Jeunesse Sportive de Kinshasa,1230
2438,Al Amir,1230
2439,Lampang FC,1230
2440,FK Borec Veles,1230
2441,Nacional de Benguela,1230
2442,Syrianska,1229
2443,Chambishi FC,1229
2444,Khonkaen,1229
2445,Kotoku Royals,1229
2446,FK Turon Yaypan,1229
2447,Thai Honda,1229
2448,Tripple B,1229
2449,Al Shorta Al Qadarif,1229
2450,Deportiva Carmelita,1229
2451,Colón C-3,1229
2452,Morobe Wawens,1229
2453,Karmiotissa Pano Polemidion,1228
2454,Centro Ítalo,1228
2455,Real Tamale,1228
2456,Manu Ura,1228
2457,Al Urooba Club,1228
2458,Pasaquina F.C.,1228
2459,Persik Kediri,1228
2460,Club Atletico Pantoja,1228
2461,Hrvatski Dragovoljac,1228
2462,Slavija Sarajevo,1228
2463,Al Nasr FC,1228
2464,Deportivo Petare,1228
2465,Kalulushi Modern Stars,1227
2466,Pirin Gotse Delchev,1227
2467,Rojolu,1227
2468,Faulkland FC,1227
2469,FC Ma'an,1227
2470,Chapelton Maroons FC,1227
2471,Nitra,1227
2472,FK Podgorica,1227
2473,Trat FC,1227
2474,Tucanes FC,1227
2475,JL Chiangmai United FC,1227
2476,Bantous,1227
2477,GIF Sundsvall,1226
2478,Sigui,1226
2479,Persitara Jakarta,1226
2480,Al Ansar FC (Medina),1226
2481,FK Pohronie,1226
2482,Chiredzi FC,1226
2483,Wuhan Yangtze River,1226
2484,Daejeon Citizen,1226
2485,CD Olmedo,1226
2486,Siam Navy FC,1225
2487,United Sikkim F.C,1225
2488,FC Academia Chisinau,1225
2489,Apollon Smyrnis,1225
2490,Finn Harps,1225
2491,EFYM,1225
2492,AL Adalh FC,1225
2493,Porthmadog,1225
2494,NK Rudeš,1225
2495,Hoverla Uzhhorod,1225
2496,Jomo Cosmos,1225
2497,Atletico Socopo,1225
2498,Victoria,1225
2499,Kruoja Pakruojis,1225
2500,Ohod Saudi FC,1224
2501,Sporting Central Academy,1224
2502,Elmina Sharks,1224
2503,Mladost Velika,1224
2504,Douglas Warriors,1224
2505,Rivoli United,1224
2506,PS Kemi,1224
2507,Revan Baku,1224
2508,SD Atletico Nacional,1224
2509,Al Shabab Al Arabi Beirut,1224
2510,Air India,1224
2511,Jangorzo,1224
2512,ES Bingerville,1224
2513,Urena SC,1223
2514,Office Niger Sports,1223
2515,Al Mourada,1223
2516,Domant FC,1223
2517,Johvi FC Lokomotiv,1223
2518,SK Babīte,1223
2519,Vutuka,1223
2520,Lyngby,1223
2521,Lime Hotspurs,1223
2522,GOŠK Gabela,1223
2523,Montana,1223
2524,Persela Lamongan,1222
2525,AL Tadamon Sour,1222
2526,Porcelana FC,1222
2527,Debo Club,1222
2528,FB Gulbene,1222
2529,Atlético El Vigía,1222
2530,Xorazm,1222
2531,CAS de Sévaré,1222
2532,FC Kuressaare,1222
2533,Police FC,1222
2534,Konkola Mine Police,1221
2535,Buxoro,1221
2536,AS Eliwidj FC,1221
2537,Al Asalah,1221
2538,CA Bordj Bou Arreridj,1221
2539,FK Inđija,1221
2540,Al Akhaa Al Ahli,1221
2541,Songkhla United FC,1221
2542,Nakambala Leopards,1221
2543,AE Kouklion,1221
2544,Vidima-Rakovski,1221
2545,Hamilton Wanderers Afc,1221
2546,Al Ittihad Kalba,1221
2547,Karabükspor,1221
2548,San Juan Jabloteh,1220
2549,T&TEC,1220
2550,Smederevo,1220
2551,Caledonia AIA,1220
2552,Konkola Blades,1220
2553,Opava,1220
2554,Shortan Guzor,1220
2555,Madang,1220
2556,Tanta,1220
2557,FC Merani Tbilisi,1220
2558,Karvan,1219
2559,Atlético Chiriquí,1219
2560,UNAN Managua,1219
2561,C.D. Honduras Progreso,1219
2562,Machine Sazi FC,1219
2563,Eger,1219
2564,Tshinkunku,1219
2565,Alpha United,1219
2566,Orión,1218
2567,Borac Čačak,1218
2568,Shanghai Shenxin,1218
2569,Quelaton,1218
2570,Sport Lubango e Benfica,1218
2571,AS Lossi,1218
2572,Bontang PKT,1218
2573,Sporting Beirut,1218
2574,Yaracuyanos FC,1218
2575,1º de Maio,1218
2576,North Queensland Fury,1218
2577,Tenax CS FC,1218
2578,Welshpool Town,1218
2579,NK Zvijezda Gradacac,1218
2580,PTT Rayong FC,1217
2581,FK Spartaks,1217
2582,Montego Bay United,1217
2583,Hapoel Ashkelon,1217
2584,Wellington Phoenix Reserves,1217
2585,Wanderers SC,1217
2586,Adamawa United,1217
2587,Jazeerat Al Feel,1217
2588,FC KTP,1217
2589,AD Municipal Liberia,1217
2590,Corona Braşov,1217
2591,Tripoli AC,1217
2592,Anagennisi Deryneia,1216
2593,FC Samtredia,1216
2594,FC Dnyapro Mogilev,1216
2595,Naftan Novopolotsk,1216
2596,Stade Malien Sikasso,1216
2597,Qingdao FC,1216
2598,Tulevik Viljandi,1216
2599,FK Guliston,1216
2600,Dibba Al-Fujairah Club,1216
2601,Łódzki KS,1216
2602,Mont-Dore,1215
2603,Racing Beirut,1215
2604,RC Kinshasa,1215
2605,Tampines Rovers FC,1215
2606,Al Ittihad,1215
2607,Surkhon-2011,1215
2608,Kaliakra,1215
2609,San José,1215
2610,Səbail FK,1215
2611,El Nsoor,1215
2612,Atlético Veragüense,1215
2613,CD Junior Managua,1215
2614,Džiugas Telšiai,1215
2615,Al-Kharitiyat,1214
2616,Al-Yarmouk FC,1214
2617,Travnik,1214
2618,Universitario de Cobija,1214
2619,CD Sonsonate,1214
2620,Kozara Gradiška,1214
2621,Destroyers,1213
2622,Al-Dhafra,1213
2623,CF Ungheni,1213
2624,Lootus,1213
2625,FK Utenis Utena,1213
2626,Turan Tovuz,1213
2627,Kaya F.C.-Iloilo,1213
2628,FC Stumbras,1212
2629,Rudar Prijedor,1212
2630,Tonnerre Kalara Club,1212
2631,MOIK,1212
2632,FC Smorgon,1212
2633,Gagauziya,1212
2634,FK Skopje,1212
2635,Club Omnisports de Korhogo (CIV),1211
2636,Sporting de Cabinda,1211
2637,CSyD Nueva Concepción,1211
2638,Austria Kärnten,1211
2639,Atlético Marte,1210
2640,Sahab SC,1210
2641,Alacranes del Norte,1210
2642,Sisaket FC,1210
2643,Black Leopards,1209
2644,FC Carlos Stein,1209
2645,Raja Beni Mellal,1209
2646,FC Saxan,1209
2647,CD Petapa,1209
2648,Al Islah Bourg Shamaly,1209
2649,Croatia Sesvete,1209
2650,Juventus Bucureşti,1209
2651,Trujillanos FC,1209
2652,Sandals South Coast,1209
2653,Al-Mergheni,1209
2654,Llaneros de Guanare,1208
2655,Nadi,1208
2656,Caroní,1208
2657,Kitwe United,1208
2658,Ittihad Al-Ramtha,1208
2659,Svetkavitsa,1208
2660,Art Municipal Jalapa,1208
2661,Esteghlal Ahvaz,1208
2662,United City F.C.,1207
2663,Atar Club,1207
2664,FC Sioni Bolnisi,1207
2665,Falkenbergs FF,1206
2666,Samut Songkram,1206
2667,Al Shimali,1206
2668,Real Potosí,1206
2669,TOT,1206
2670,Dundee FC,1206
2671,Al-Nil,1206
2672,Chivas USA,1206
2673,Buildcon,1206
2674,Muaither SC,1206
2675,Estudiantes de Caracas,1206
2676,Jedinstvo BP,1205
2677,FK Jelgava,1205
2678,WhaWha,1205
2679,Juventus Managua,1204
2680,Sapovnela,1204
2681,UES,1203
2682,Bekaa SC,1203
2683,Fk Metalurg Skopje,1203
2684,FC Rustavi,1203
2685,Universidad San Martín de Porres,1203
2686,Real Mamoré,1203
2687,Lokomotivi Tbilisi,1203
2688,Lyubimets,1203
2689,Barbican FC,1203
2690,Fuerza Amarilla SC,1202
2691,Pápa,1202
2692,Brong Ahafo Stars,1201
2693,Academia Quintana,1201
2694,Carolina Gigantes,1201
2695,Northeast United FC,1201
2696,ACS FC Academica Clinceni,1200
2697,Smolevichy,1200
2698,Molynes United FC,1200
2699,FK Drina Zvornik,1200
2700,Chinandega FC,1200
2701,Vere United FC,1199
2702,Maardu Linnameeskond,1199
2703,Guaynabo Fluminense,1199
2704,Al Mesaimeer,1199
2705,Southern United,1198
2706,Mayagüez,1198
2707,Al Rabta Kosti,1198
2708,FK Palanga,1198
2709,Brommapojkarna,1197
2710,Zaprešić,1197
2711,Mornar,1197
2712,Dubai Club,1197
2713,Dinamo Bender,1197
2714,AL Hazem FC,1197
2715,FK Leotar,1196
2716,Gradina Srebrenik,1196
2717,WA Tlemcen,1196
2718,Persiraja Aceh,1195
2719,Caersws,1195
2720,Alki,1194
2721,That Ras Club,1194
2722,Shabab AL Ghazieh SC,1194
2723,Pelister,1193
2724,Lupe ole Soaga,1193
2725,Al-Shamal SC,1193
2726,Vitez,1193
2727,Hindustan Aero,1193
2728,Al Ahli SC Amman,1193
2729,FK Belasica Strumica,1193
2730,Kaposvári Rákóczi,1193
2731,FC Guria Lanchkhuti,1192
2732,Puerto Rico United,1191
2733,Indeni FC,1191
2734,Tupapa Maraerenga,1190
2735,Dinamo Samarkand,1190
2736,Ala'ab Damanhour,1190
2737,Noah Jūrmala,1190
2738,BBCU FC,1190
2739,Napredok,1190
2740,Rakvere JK Tarvas,1190
2741,JSM Skikda,1189
2742,HB Køge,1189
2743,Hatta,1189
2744,Klaipedos Granitas,1189
2745,CD Ocotal,1189
2746,FK Teteks,1189
2747,JS Kairouanaise,1188
2748,Air Force Central FC,1188
2749,Hajer FC Al-Hasa,1188
2750,Al-Hikma,1188
2751,Ballinamallard United,1187
2752,Fajardo,1187
2753,FK Tukums 2000,1187
2754,National Assembly,1186
2755,Reno FC,1186
2756,FK Gostivar,1185
2757,Afan Lido,1185
2758,Real Sociedad,1185
2759,Sporting Clube de Benguela,1185
2760,SK Super Nova,1185
2761,Al-Sareeh SC,1184
2762,Tatran Prešov,1183
2763,Ilukstes NSS,1183
2764,Mladost CD,1183
2765,FC Shukura Kobuleti,1181
2766,Dnepr Mogilev,1181
2767,Nistru,1181
2768,AC LALA FC,1180
2769,Banga Gargzdai,1180
2770,FK Sputnik Rechytsa,1180
2771,WIT Georgia Tbilisi,1180
2772,Vitosha Bistritsa,1179
2773,Al Egtmaaey Tripoli,1179
2774,La Paz,1178
2775,University College Dublin,1178
2776,Kiwi,1178
2777,Pobeda,1177
2778,Paernu Linnameeskond,1177
2779,Police,1177
2780,Salam Zgharta,1176
2781,Ayia Napa,1175
2782,FK Tauras Taurage,1174
2783,Berane,1174
2784,Institute FC,1174
2785,Ards,1174
2786,Young Heart Manawatu,1174
2787,Ajax Lasnamäe,1173
2788,Merani Martvili,1172
2789,Boys' Town,1172
2790,Nevėžis Kėdainiai,1171
2791,Arrows,1171
2792,Cefn Druids AFC,1170
2793,Real Madriz,1169
2794,Vereya,1169
2795,Al-Shaab,1169
2796,FC Floreşti,1168
2797,Al Fujairah,1167
2798,Tornados de Humacao,1166
2799,Niki Volou,1166
2800,Emirates Club,1166
2801,Mačva Šabac,1166
2802,Obod,1165
2803,Caguas Huracán,1165
2804,Newry City AFC,1165
2805,FC Zugdidi,1164
2806,Andijon,1163
2807,Longford Town,1161
2808,Talinna Kalev,1161
2809,Siauliai,1159
2810,Gresik United FC,1159
2811,FK Bačka Palanka,1158
2812,FC Torpedo Minsk,1156
2813,Al-Baqa'a SC,1156
2814,Tobago United,1153
2815,FOX Villa FC,1153
2816,FC Kolkheti-1913 Poti,1152
2817,Hebei F.C.,1151
2818,Carrick Rangers,1149
2819,FC Jurmala,1149
2820,Portadown FC,1139
2821,FC Codru Lozova,1138
2822,South End,1137
2823,Lietava Jonava,1136
2824,BFC Daugavpils,1135
2825,Metalurh Zaporizhya,1130
2826,Dainava Alytus,1128
2827,Pärnu JK Vaprus,1126
2828,Warrenpoint Town,1116
2829,Dungannon Swifts,1108
2830,FK Metta,1071
2831,La Horquetta Rangers FC,1068
